{
  "project_info": {
    "project_number": "981074680844",
    "project_id": "mager-1c2d6",
    "storage_bucket": "mager-1c2d6.appspot.com"
  },
  "client": [
    {
      "client_info": {
        "mobilesdk_app_id": "1:981074680844:android:02f412fe70934bb6a8a229",
        "android_client_info": {
          "package_name": "com.dongker.mager"
        }
      },
      "oauth_client": [],
      "api_key": [
        {
          "current_key": "AIzaSyAZYKa7M_x5eThsho_jHgQaGO8FSPzGz74"
        }
      ],
      "services": {
        "appinvite_service": {
          "other_platform_oauth_client": []
        }
      }
    }
  ],
  "configuration_version": "1"
}